Address,Baths,Beds,Zestimate,Rental Estimate,Year Built,Lot Size,House Size,Property URL
147 SHERIDAN RD WINTHROP HARBOR,Not in Zillows db
10930 W 5TH ST WINTHROP HARBOR,Not in Zillows db
10850 W 5TH ST WINTHROP HARBOR,Not in Zillows db
10972 W 5TH ST WINTHROP HARBOR,Not in Zillows db
0 CAVIN AVE WINTHROP HARBOR,Not in Zillows db
0 GARNETT AVE WINTHROP HARBOR,Not in Zillows db
COLLEGE AVE WINTHROP HARBOR,Searcher Error-01
0 3RD ST WINTHROP HARBOR,Not in Zillows db
0 FAGO AVE WINTHROP HARBOR,Not in Zillows db
11151 W RUSSELL RD WINTHROP HARBOR,Not in Zillows db
42540 N KENOSHA RD WINTHROP HARBOR,Not in Zillows db
0 11TH ST WINTHROP HARBOR,Not in Zillows db
HIGHLAND CT WINTHROP HARBOR,Searcher Error-01
